personal_info_weight,0.6
0.0,0.19945833333333332
0.2,0.33010833333333334
0.4,0.35752500000000004
0.6,0.3774
0.8,0.40273333333333333
1.0,0.4010833333333333
1.2,0.400025
