personal_info_weight,0.0,0.2,0.4,0.6,0.8,1.0
1.0,0.8516499999999999,0.7272,0.5895583333333333,0.431325,0.19974999999999998,0.04270000000000001
