{
    "system_noise": 0.36889182063509807,
    "noise_data": {
        "45": 0.43103448275862066,
        "17": 0.36363636363636365,
        "85": 0.2941176470588235,
        "41": 0.25,
        "88": 0.5084745762711864,
        "65": 0.5,
        "47": 0.2222222222222222,
        "99": 0.3921568627450981,
        "28": 0.1428571428571429,
        "19": 0.4655172413793104,
        "83": 0.375,
        "38": 0.5,
        "42": 0.4509803921568627,
        "27": 0.4107142857142857,
        "10": 0.4029850746268657,
        "49": 0.5789473684210527,
        "80": 0.33333333333333337,
        "87": 0.3921568627450981,
        "92": 0.3653846153846154,
        "30": 0.4285714285714286,
        "93": 0.36363636363636365,
        "0": 0.1875,
        "63": 0.25,
        "32": 0.303030303030303,
        "53": 0.3214285714285714,
        "35": 0.38888888888888884,
        "75": 0.5,
        "72": 0.4901960784313726,
        "40": 0.5,
        "21": 0.4,
        "24": 0.25,
        "25": 0.3620689655172413,
        "18": 0.4545454545454546,
        "15": 0.42105263157894735,
        "12": 0.09090909090909094,
        "68": 0.1333333333333333,
        "39": 0.46153846153846156,
        "3": 0.36585365853658536,
        "37": 0.3548387096774194,
        "95": 0.4426229508196722,
        "5": 0.34782608695652173,
        "69": 0.4782608695652174,
        "86": 0.3114754098360656,
        "62": 0.25,
        "31": 0.3877551020408163,
        "46": 0.33333333333333337,
        "71": 0.5,
        "4": 0.4,
        "8": 0.4390243902439024,
        "34": 0.43999999999999995,
        "70": 0.24,
        "90": 0.33333333333333337,
        "97": 0.30000000000000004,
        "67": 0.06666666666666665,
        "43": 0.6097560975609756,
        "58": 0.4782608695652174,
        "77": 0.43137254901960786,
        "26": 0.5,
        "98": 0.0,
        "1": 0.5319148936170213,
        "51": 0.0,
        "82": 0.3584905660377359,
        "89": 0.4716981132075472,
        "91": 0.35,
        "59": 0.2857142857142857,
        "54": 0.38,
        "73": 0.41025641025641024,
        "76": 0.33333333333333337,
        "94": 0.4444444444444444,
        "61": 0.8571428571428572,
        "36": 0.5,
        "13": 0.3076923076923077,
        "11": 0.09090909090909094,
        "79": 0.4821428571428571,
        "56": 0.3787878787878788,
        "66": 0.5555555555555556,
        "60": 0.26530612244897955,
        "81": 0.3137254901960784,
        "74": 0.4482758620689655,
        "9": 0.38888888888888884,
        "29": 0.25,
        "50": 0.34545454545454546,
        "84": 0.40909090909090906,
        "52": 0.5,
        "33": 0.421875,
        "23": 0.5,
        "14": 0.42307692307692313,
        "64": 0.2142857142857143,
        "55": 0.2142857142857143,
        "96": 0.5161290322580645,
        "44": 0.4722222222222222,
        "48": 0.09999999999999998,
        "16": 0.4444444444444444,
        "78": 0.12,
        "7": 0.2941176470588235,
        "57": 0.09999999999999998,
        "22": 0.34090909090909094,
        "2": 0.7,
        "6": 0.3793103448275862,
        "20": 0.2931034482758621
    }
}