{
    "system_noise": 0.3599104462728462,
    "noise_data": {
        "45": 0.4,
        "17": 0.5555555555555556,
        "85": 0.4375,
        "41": 0.30000000000000004,
        "88": 0.45833333333333337,
        "65": 0.4,
        "47": 0.4666666666666667,
        "99": 0.5800000000000001,
        "28": 0.28,
        "19": 0.2222222222222222,
        "83": 0.1724137931034483,
        "38": 0.30612244897959184,
        "42": 0.23809523809523814,
        "27": 0.4,
        "10": 0.4666666666666667,
        "49": 0.4,
        "80": 0.42553191489361697,
        "87": 0.55,
        "92": 0.4411764705882353,
        "30": 0.40476190476190477,
        "93": 0.46153846153846156,
        "0": 0.13636363636363635,
        "63": 0.3939393939393939,
        "32": 0.2666666666666667,
        "53": 0.6363636363636364,
        "35": 0.30000000000000004,
        "75": 0.4242424242424242,
        "72": 0.4347826086956522,
        "40": 0.2777777777777778,
        "21": 0.40816326530612246,
        "24": 0.3448275862068966,
        "25": 0.3928571428571429,
        "18": 0.3555555555555555,
        "15": 0.375,
        "12": 0.0,
        "68": 0.11538461538461542,
        "39": 0.22499999999999998,
        "3": 0.3191489361702128,
        "37": 0.33333333333333337,
        "95": 0.36,
        "5": 0.4,
        "69": 0.4339622641509434,
        "86": 0.32608695652173914,
        "62": 0.6,
        "31": 0.31707317073170727,
        "46": 0.10526315789473684,
        "71": 0.5384615384615384,
        "4": 0.3157894736842105,
        "8": 0.13793103448275867,
        "34": 0.7142857142857143,
        "70": 0.5555555555555556,
        "90": 0.29268292682926833,
        "97": 0.4736842105263158,
        "67": 0.3157894736842105,
        "43": 0.5294117647058824,
        "58": 0.3829787234042553,
        "77": 0.23404255319148937,
        "26": 0.23809523809523814,
        "98": 0.0,
        "1": 0.3111111111111111,
        "51": 0.5,
        "82": 0.21276595744680848,
        "89": 0.34883720930232553,
        "91": 0.4,
        "59": 0.36111111111111116,
        "54": 0.46153846153846156,
        "73": 0.32499999999999996,
        "76": 0.3421052631578947,
        "94": 0.33333333333333337,
        "61": 0.4375,
        "36": 0.33333333333333337,
        "13": 0.20833333333333337,
        "11": 0.3666666666666667,
        "79": 0.48571428571428577,
        "56": 0.19999999999999996,
        "66": 0.46153846153846156,
        "60": 0.375,
        "81": 0.368421052631579,
        "74": 0.2727272727272727,
        "9": 0.45833333333333337,
        "29": 0.33333333333333337,
        "50": 0.44897959183673475,
        "84": 0.2666666666666667,
        "52": 0.16129032258064513,
        "33": 0.40909090909090906,
        "23": 0.27586206896551724,
        "14": 0.2962962962962963,
        "64": 0.2857142857142857,
        "55": 0.5217391304347826,
        "96": 0.5142857142857142,
        "44": 0.26086956521739135,
        "48": 0.19999999999999996,
        "16": 0.33333333333333337,
        "78": 0.0,
        "7": 0.23684210526315785,
        "57": 0.46153846153846156,
        "22": 0.5172413793103448,
        "2": 0.45833333333333337,
        "6": 0.5263157894736843,
        "20": 0.5428571428571429
    }
}