{
    "system_noise": 0.37799061494746133,
    "noise_data": {
        "45": 0.5806451612903225,
        "17": 0.3846153846153846,
        "85": 0.6296296296296297,
        "41": 0.0,
        "88": 0.4,
        "65": 0.33333333333333337,
        "47": 0.5,
        "99": 0.42105263157894735,
        "28": 0.33333333333333337,
        "19": 0.4901960784313726,
        "83": 0.3529411764705882,
        "38": 0.38,
        "42": 0.4339622641509434,
        "27": 0.38888888888888884,
        "10": 0.41509433962264153,
        "49": 0.4117647058823529,
        "80": 0.4067796610169492,
        "87": 0.5172413793103448,
        "92": 0.29032258064516125,
        "30": 0.4423076923076923,
        "93": 0.38,
        "0": 0.625,
        "63": 0.33333333333333337,
        "32": 0.5666666666666667,
        "53": 0.4736842105263158,
        "35": 0.33333333333333337,
        "75": 0.47058823529411764,
        "72": 0.2941176470588235,
        "40": 0.5405405405405406,
        "21": 0.5384615384615384,
        "24": 0.23076923076923073,
        "25": 0.4,
        "18": 0.2549019607843137,
        "15": 0.33333333333333337,
        "12": 0.16666666666666663,
        "68": 0.2666666666666667,
        "39": 0.475,
        "3": 0.5365853658536586,
        "37": 0.2978723404255319,
        "95": 0.09523809523809523,
        "5": 0.2941176470588235,
        "69": 0.40740740740740744,
        "86": 0.34615384615384615,
        "62": 0.40909090909090906,
        "31": 0.23529411764705888,
        "46": 0.25806451612903225,
        "71": 0.2222222222222222,
        "4": 0.1578947368421053,
        "8": 0.5806451612903225,
        "34": 0.30434782608695654,
        "70": 0.46153846153846156,
        "90": 0.3555555555555555,
        "97": 0.46153846153846156,
        "67": 0.4,
        "43": 0.10526315789473684,
        "58": 0.339622641509434,
        "77": 0.2790697674418605,
        "26": 0.4,
        "98": 0.5789473684210527,
        "1": 0.6744186046511628,
        "51": 0.2142857142857143,
        "82": 0.45614035087719296,
        "89": 0.30188679245283023,
        "91": 0.3666666666666667,
        "59": 0.417910447761194,
        "54": 0.36,
        "73": 0.40740740740740744,
        "76": 0.368421052631579,
        "94": 0.4035087719298246,
        "61": 0.33333333333333337,
        "36": 0.33333333333333337,
        "13": 0.18181818181818177,
        "11": 0.48275862068965514,
        "79": 0.37254901960784315,
        "56": 0.4385964912280702,
        "66": 0.5384615384615384,
        "60": 0.4,
        "81": 0.5,
        "74": 0.16666666666666663,
        "9": 0.3125,
        "29": 0.4137931034482759,
        "50": 0.4464285714285714,
        "84": 0.35593220338983056,
        "52": 0.2857142857142857,
        "33": 0.39583333333333337,
        "23": 0.25,
        "14": 0.16666666666666663,
        "64": 0.24528301886792447,
        "55": 0.2790697674418605,
        "96": 0.6129032258064516,
        "44": 0.5,
        "48": 0.5263157894736843,
        "16": 0.1428571428571429,
        "78": 0.33333333333333337,
        "7": 0.32558139534883723,
        "57": 0.30000000000000004,
        "22": 0.40909090909090906,
        "2": 0.475,
        "6": 0.5454545454545454,
        "20": 0.4375
    }
}