{
    "system_noise": 0.4022778403201317,
    "noise_data": {
        "45": 0.3650793650793651,
        "17": 0.33333333333333337,
        "85": 0.33333333333333337,
        "41": 0.1428571428571429,
        "88": 0.39622641509433965,
        "65": 0.5,
        "47": 0.6666666666666667,
        "99": 0.4838709677419355,
        "28": 0.2777777777777778,
        "19": 0.4492753623188406,
        "83": 0.1875,
        "38": 0.4125,
        "42": 0.4464285714285714,
        "27": 0.33333333333333337,
        "10": 0.37209302325581395,
        "49": 0.2777777777777778,
        "80": 0.34426229508196726,
        "87": 0.36764705882352944,
        "92": 0.4285714285714286,
        "30": 0.39655172413793105,
        "93": 0.4375,
        "0": 0.4285714285714286,
        "63": 0.38888888888888884,
        "32": 0.47058823529411764,
        "53": 0.2142857142857143,
        "35": 0.8666666666666667,
        "75": 0.42592592592592593,
        "72": 0.4769230769230769,
        "40": 0.41666666666666663,
        "21": 0.36250000000000004,
        "24": 0.2857142857142857,
        "25": 0.4285714285714286,
        "18": 0.41333333333333333,
        "15": 0.33333333333333337,
        "12": 0.0,
        "68": 0.36363636363636365,
        "39": 0.575,
        "3": 0.4696969696969697,
        "37": 0.5,
        "95": 0.31818181818181823,
        "5": 0.3529411764705882,
        "69": 0.421875,
        "86": 0.421875,
        "62": 0.4444444444444444,
        "31": 0.5084745762711864,
        "46": 0.09999999999999998,
        "71": 0.30000000000000004,
        "4": 0.5,
        "8": 0.5074626865671642,
        "34": 0.40816326530612246,
        "70": 0.4117647058823529,
        "90": 0.41538461538461535,
        "97": 0.4444444444444444,
        "67": 0.2222222222222222,
        "43": 0.375,
        "58": 0.4461538461538461,
        "77": 0.4117647058823529,
        "26": 0.55,
        "98": 0.5,
        "1": 0.45333333333333337,
        "51": 0.33333333333333337,
        "82": 0.49122807017543857,
        "89": 0.43333333333333335,
        "91": 0.2272727272727273,
        "59": 0.5555555555555556,
        "54": 0.3880597014925373,
        "73": 0.4347826086956522,
        "76": 0.3880597014925373,
        "94": 0.4285714285714286,
        "61": 0.07692307692307687,
        "36": 0.4444444444444444,
        "13": 0.5555555555555556,
        "11": 0.5,
        "79": 0.5633802816901409,
        "56": 0.467741935483871,
        "66": 0.4444444444444444,
        "60": 0.39655172413793105,
        "81": 0.41333333333333333,
        "74": 0.0,
        "9": 0.5,
        "29": 0.4918032786885246,
        "50": 0.43333333333333335,
        "84": 0.3709677419354839,
        "52": 0.35,
        "33": 0.3382352941176471,
        "23": 0.47058823529411764,
        "14": 0.41666666666666663,
        "64": 0.4626865671641791,
        "55": 0.5405405405405406,
        "96": 0.38983050847457623,
        "44": 0.4736842105263158,
        "48": 0.4528301886792453,
        "16": 0.19999999999999996,
        "78": 0.44999999999999996,
        "7": 0.46031746031746035,
        "57": 0.31818181818181823,
        "22": 0.4,
        "2": 0.5172413793103448,
        "6": 0.34375,
        "20": 0.4181818181818182
    }
}