{
    "system_noise": 0.3983672115756837,
    "noise_data": {
        "45": 0.3111111111111111,
        "17": 0.6,
        "85": 0.4375,
        "41": 0.4363636363636364,
        "88": 0.33333333333333337,
        "65": 0.25,
        "47": 0.35,
        "99": 0.3921568627450981,
        "28": 0.6666666666666667,
        "19": 0.5238095238095238,
        "83": 0.47058823529411764,
        "38": 0.49295774647887325,
        "42": 0.3571428571428571,
        "27": 0.537037037037037,
        "10": 0.5254237288135593,
        "49": 0.4,
        "80": 0.46808510638297873,
        "87": 0.3384615384615385,
        "92": 0.5,
        "30": 0.3731343283582089,
        "93": 0.4571428571428572,
        "0": 0.44999999999999996,
        "63": 0.2777777777777778,
        "32": 0.5,
        "53": 0.40384615384615385,
        "35": 0.7142857142857143,
        "75": 0.33333333333333337,
        "72": 0.29032258064516125,
        "40": 0.375,
        "21": 0.4444444444444444,
        "24": 0.6111111111111112,
        "25": 0.5192307692307692,
        "18": 0.4375,
        "15": 0.4545454545454546,
        "12": 0.30000000000000004,
        "68": 0.19999999999999996,
        "39": 0.4285714285714286,
        "3": 0.43999999999999995,
        "37": 0.5116279069767442,
        "95": 0.5102040816326531,
        "5": 0.31999999999999995,
        "69": 0.46478873239436624,
        "86": 0.390625,
        "62": 0.4285714285714286,
        "31": 0.4285714285714286,
        "46": 0.3939393939393939,
        "71": 0.11111111111111116,
        "4": 0.49367088607594933,
        "8": 0.5,
        "34": 0.33333333333333337,
        "70": 0.33333333333333337,
        "90": 0.4181818181818182,
        "97": 0.5833333333333333,
        "67": 0.1428571428571429,
        "43": 0.48484848484848486,
        "58": 0.5,
        "77": 0.3157894736842105,
        "26": 0.37735849056603776,
        "98": 0.09090909090909094,
        "1": 0.41509433962264153,
        "51": 0.25,
        "82": 0.34883720930232553,
        "89": 0.4067796610169492,
        "91": 0.2727272727272727,
        "59": 0.3548387096774194,
        "54": 0.3846153846153846,
        "73": 0.540983606557377,
        "76": 0.46808510638297873,
        "94": 0.21052631578947367,
        "61": 0.2666666666666667,
        "36": 0.6,
        "13": 0.0,
        "11": 0.6,
        "79": 0.3833333333333333,
        "56": 0.33333333333333337,
        "66": 0.25,
        "60": 0.4918032786885246,
        "81": 0.45333333333333337,
        "74": 0.3571428571428571,
        "9": 0.4920634920634921,
        "29": 0.5,
        "50": 0.45999999999999996,
        "84": 0.3529411764705882,
        "52": 0.48275862068965514,
        "33": 0.43661971830985913,
        "23": 0.3620689655172413,
        "14": 0.38888888888888884,
        "64": 0.5,
        "55": 0.0,
        "96": 0.41509433962264153,
        "44": 0.38596491228070173,
        "48": 0.33333333333333337,
        "16": 0.0,
        "78": 0.2727272727272727,
        "7": 0.33333333333333337,
        "57": 0.25,
        "22": 0.56,
        "2": 0.33333333333333337,
        "6": 0.5,
        "20": 0.5555555555555556
    }
}