{
    "system_noise": 0.5079833856531688,
    "noise_data": {
        "45": 0.5614035087719298,
        "17": 0.44999999999999996,
        "85": 0.5555555555555556,
        "41": 0.7142857142857143,
        "88": 0.38888888888888884,
        "65": 0.625,
        "47": 0.41666666666666663,
        "99": 0.4375,
        "28": 0.0,
        "19": 0.5283018867924528,
        "83": 0.5066666666666666,
        "38": 0.4390243902439024,
        "42": 0.4545454545454546,
        "27": 0.4666666666666667,
        "10": 0.5882352941176471,
        "49": 0.7272727272727273,
        "80": 0.5862068965517242,
        "87": 0.6166666666666667,
        "92": 0.5974025974025974,
        "30": 0.537037037037037,
        "93": 0.6,
        "0": 0.5,
        "63": 0.7931034482758621,
        "32": 0.8333333333333334,
        "53": 0.41666666666666663,
        "35": 0.6428571428571428,
        "75": 0.6818181818181819,
        "72": 0.5901639344262295,
        "40": 0.5,
        "21": 0.41538461538461535,
        "24": 0.75,
        "25": 0.576271186440678,
        "18": 0.45783132530120485,
        "15": 0.25,
        "12": 0.8888888888888888,
        "68": 0.2857142857142857,
        "39": 0.6086956521739131,
        "3": 0.44285714285714284,
        "37": 0.5769230769230769,
        "95": 0.5166666666666666,
        "5": 0.8125,
        "69": 0.5068493150684932,
        "86": 0.4482758620689655,
        "62": 0.7333333333333334,
        "31": 0.5128205128205128,
        "46": 0.42307692307692313,
        "71": 0.5454545454545454,
        "4": 0.47457627118644063,
        "8": 0.5277777777777778,
        "34": 0.3846153846153846,
        "70": 0.625,
        "90": 0.5211267605633803,
        "97": 0.4285714285714286,
        "67": 0.7777777777777778,
        "43": 0.34782608695652173,
        "58": 0.5316455696202531,
        "77": 0.4871794871794872,
        "26": 0.4098360655737705,
        "98": 0.4736842105263158,
        "1": 0.42105263157894735,
        "51": 0.5,
        "82": 0.4339622641509434,
        "89": 0.5,
        "91": 0.5714285714285714,
        "59": 0.42647058823529416,
        "54": 0.32608695652173914,
        "73": 0.45833333333333337,
        "76": 0.5593220338983051,
        "94": 0.5714285714285714,
        "61": 0.4444444444444444,
        "36": 0.25,
        "13": 0.09999999999999998,
        "11": 0.6666666666666667,
        "79": 0.5098039215686274,
        "56": 0.40625,
        "66": 0.18181818181818177,
        "60": 0.5,
        "81": 0.41509433962264153,
        "74": 0.8888888888888888,
        "9": 0.5531914893617021,
        "29": 0.36363636363636365,
        "50": 0.423728813559322,
        "84": 0.4893617021276596,
        "52": 0.38983050847457623,
        "33": 0.5740740740740741,
        "23": 0.41666666666666663,
        "14": 0.49090909090909096,
        "64": 0.6428571428571428,
        "55": 0.30000000000000004,
        "96": 0.5490196078431373,
        "44": 0.532258064516129,
        "48": 0.23529411764705888,
        "16": 0.25,
        "78": 0.41666666666666663,
        "7": 0.5714285714285714,
        "57": 0.7142857142857143,
        "22": 0.5098039215686274,
        "2": 0.8461538461538461,
        "6": 0.6744186046511628,
        "20": 0.2272727272727273
    }
}