personal_info_weight,0.0,0.2,0.4,0.6,0.8,1.0
0.6,0.20000000000000004,0.6433666666666666,0.534125,0.4389416666666666,0.37529166666666663,0.3529333333333333
