personal_info_weight,0.4
0.0,0.20065833333333336
0.2,0.257275
0.4,0.39560833333333334
0.6,0.4924583333333333
0.8,0.4874583333333333
1.0,0.5866416666666666
1.2,0.5847083333333333
