communication_noise,0.2
0.0,0.39725714285714286
0.2,0.6149928571428571
0.4,0.7685357142857143
0.6,0.5982500000000001
0.8,0.47330714285714287
1.0,0.4237071428571429
