personal_info_weight,0.0,0.2,0.4,0.6,0.8,1.0
1.0,0.5825,0.5650333333333334,0.52005,0.4405333333333334,0.37986666666666663,0.3542
