personal_info_weight,0.4
0.4,0.656325
0.6,0.533425
