personal_info_weight,0.4,0.6
0.4,0.7926,0.52005
0.6,0.65005,0.41679999999999995
