communication_noise,0.4,0.6
0.4,0.721325,0.468425
