{
    "system_noise": 0.543528241198939,
    "noise_data": {
        "45": 0.5084745762711864,
        "17": 0.7058823529411764,
        "85": 0.6,
        "41": 1.0,
        "88": 0.5909090909090908,
        "65": 0.6666666666666667,
        "47": 0.3548387096774194,
        "99": 0.5652173913043479,
        "28": 0.6666666666666667,
        "19": 0.5666666666666667,
        "83": 0.6666666666666667,
        "38": 0.6065573770491803,
        "42": 0.5517241379310345,
        "27": 0.44067796610169496,
        "10": 0.5952380952380952,
        "49": 0.6363636363636364,
        "80": 0.46153846153846156,
        "87": 0.38095238095238093,
        "92": 0.5151515151515151,
        "30": 0.5333333333333333,
        "93": 0.45833333333333337,
        "0": 0.6,
        "63": 0.4736842105263158,
        "32": 0.2857142857142857,
        "53": 0.5416666666666667,
        "35": 0.5714285714285714,
        "75": 0.5,
        "72": 0.49090909090909096,
        "40": 0.6086956521739131,
        "21": 0.43999999999999995,
        "24": 0.8333333333333334,
        "25": 0.6190476190476191,
        "18": 0.5652173913043479,
        "15": 0.5384615384615384,
        "12": 1.0,
        "68": 0.18181818181818177,
        "39": 0.40740740740740744,
        "3": 0.6290322580645161,
        "37": 0.5517241379310345,
        "95": 0.4576271186440678,
        "5": 0.5294117647058824,
        "69": 0.4657534246575342,
        "86": 0.4651162790697675,
        "62": 0.5625,
        "31": 0.4838709677419355,
        "46": 0.46153846153846156,
        "71": 0.6818181818181819,
        "4": 0.875,
        "8": 0.5161290322580645,
        "34": 0.09090909090909094,
        "70": 0.8333333333333334,
        "90": 0.46153846153846156,
        "97": 0.2857142857142857,
        "67": 0.7857142857142857,
        "43": 0.5555555555555556,
        "58": 0.46875,
        "77": 0.5161290322580645,
        "26": 0.4,
        "98": 1.0,
        "1": 0.4545454545454546,
        "51": 0.5,
        "82": 0.41666666666666663,
        "89": 0.4,
        "91": 0.34782608695652173,
        "59": 0.46153846153846156,
        "54": 0.3943661971830986,
        "73": 0.4833333333333333,
        "76": 0.5135135135135135,
        "94": 0.5076923076923077,
        "61": 0.5882352941176471,
        "36": 0.33333333333333337,
        "13": 0.6571428571428571,
        "11": 0.43999999999999995,
        "79": 0.5,
        "56": 0.6065573770491803,
        "66": 0.5555555555555556,
        "60": 0.4193548387096774,
        "81": 0.49275362318840576,
        "74": 0.5714285714285714,
        "9": 0.5,
        "29": 0.7,
        "50": 0.4067796610169492,
        "84": 0.5066666666666666,
        "52": 0.5789473684210527,
        "33": 0.6964285714285714,
        "23": 0.65,
        "14": 0.6111111111111112,
        "64": 0.5294117647058824,
        "55": 0.55,
        "96": 0.43939393939393945,
        "44": 0.5833333333333333,
        "48": 0.5901639344262295,
        "16": 0.5,
        "78": 0.5833333333333333,
        "7": 0.4864864864864865,
        "57": 0.6956521739130435,
        "22": 0.625,
        "2": 0.5813953488372092,
        "6": 0.46875,
        "20": 0.619718309859155
    }
}