{
    "system_noise": 0.6116443711234172,
    "noise_data": {
        "45": 0.6252856054836253,
        "17": 0.5015232292460015,
        "85": 0.5967250571210967,
        "41": 0.5854430379746836,
        "88": 0.6401370906321402,
        "65": 0.575019040365575,
        "47": 0.6092916984006094,
        "99": 0.5795887281035796,
        "28": 0.7151561309977151,
        "19": 0.5715917745620716,
        "83": 0.5921553693830921,
        "38": 0.5853008377760853,
        "42": 0.6237623762376238,
        "27": 0.6043412033511044,
        "10": 0.7231530845392231,
        "49": 0.5190403655750191,
        "80": 0.6858339680121859,
        "87": 0.7121096725057121,
        "92": 0.5437928408225439,
        "30": 0.5715917745620716,
        "93": 0.5853008377760853,
        "0": 0.5258948971820259,
        "63": 0.49809596344249807,
        "32": 0.5817186183656277,
        "53": 0.5792079207920793,
        "35": 0.49205734211545915,
        "75": 0.5773038842345772,
        "72": 0.6260472201066261,
        "40": 0.5635948210205636,
        "21": 0.591012947448591,
        "24": 0.6184310738766184,
        "25": 0.5967250571210967,
        "18": 0.6721249047981721,
        "15": 0.6280674846625767,
        "12": 0.6334894613583137,
        "68": 0.5099009900990099,
        "39": 0.6431835491241431,
        "3": 0.6511805026656512,
        "37": 0.511043412033511,
        "95": 0.6203351104341204,
        "5": 0.5803503427265804,
        "69": 0.6835491241431835,
        "86": 0.6846915460776847,
        "62": 0.5697087378640777,
        "31": 0.6686976389946687,
        "46": 0.5773038842345772,
        "71": 0.6572734196496572,
        "4": 0.5898705255140899,
        "8": 0.7205044751830757,
        "34": 0.6363290175171363,
        "70": 0.4699162223914699,
        "90": 0.6001523229246002,
        "97": 0.6911652703731912,
        "67": 0.6561309977151562,
        "43": 0.553757225433526,
        "58": 0.6515613099771516,
        "77": 0.551028179741051,
        "26": 0.5921553693830921,
        "98": 0.5482115085536547,
        "1": 0.7212490479817213,
        "51": 0.7235338918507235,
        "82": 0.5666412795125666,
        "89": 0.6020053991515619,
        "91": 0.5266565118050266,
        "59": 0.6527037319116527,
        "54": 0.6298552932216299,
        "73": 0.7326732673267327,
        "76": 0.8243110236220472,
        "94": 0.51762882603642,
        "61": 0.6351865955826352,
        "36": 0.5418888042650418,
        "13": 0.6123381568926123,
        "11": 0.5441736481340442,
        "79": 0.664889565879665,
        "56": 0.5441736481340442,
        "66": 0.7480650154798761,
        "60": 0.6408987052551409,
        "81": 0.615003808073115,
        "74": 0.738004569687738,
        "9": 0.5839783281733746,
        "29": 0.6538461538461539,
        "50": 0.6134805788271135,
        "84": 0.6012947448591013,
        "52": 0.5597867479055598,
        "33": 0.602056359482102,
        "23": 0.5624523990860624,
        "14": 0.6923076923076923,
        "64": 0.7143945163747144,
        "55": 0.5483625285605483,
        "96": 0.6351865955826352,
        "44": 0.5864432597105864,
        "48": 0.5437928408225439,
        "16": 0.5769230769230769,
        "78": 0.5761614623000761,
        "7": 0.607006854531607,
        "57": 0.6846915460776847,
        "22": 0.7093653250773994,
        "2": 0.5955826351865956,
        "6": 0.5578827113480579,
        "20": 0.6296439628482973
    }
}