{
    "system_noise": 0.4060275689223058,
    "noise_data": {
        "45": 0.4,
        "17": 1.0,
        "85": 0.33333333333333337,
        "41": 0.0,
        "88": 0.33333333333333337,
        "65": 0.0,
        "47": 1.0,
        "99": 0.5714285714285714,
        "28": 0.25,
        "19": 0.6,
        "83": 0.6,
        "38": 0.4285714285714286,
        "42": 0.4444444444444444,
        "27": 0.5,
        "10": 0.5,
        "49": 0.5,
        "80": 0.0,
        "87": 0.33333333333333337,
        "92": 0.75,
        "30": 0.0,
        "93": 0.5,
        "0": 0.75,
        "63": 1.0,
        "32": 0.0,
        "53": 0.0,
        "75": 1.0,
        "72": 0.16666666666666663,
        "40": 0.25,
        "21": 0.5,
        "24": 0.0,
        "25": 0.33333333333333337,
        "18": 0.1428571428571429,
        "15": 0.0,
        "68": 0.4,
        "39": 0.0,
        "3": 0.375,
        "37": 0.0,
        "95": 0.33333333333333337,
        "5": 0.25,
        "69": 0.75,
        "86": 0.33333333333333337,
        "62": 0.0,
        "31": 0.6666666666666667,
        "46": 0.25,
        "71": 0.5,
        "4": 0.7142857142857143,
        "8": 1.0,
        "34": 1.0,
        "90": 0.2222222222222222,
        "97": 0.5,
        "67": 0.5,
        "43": 0.0,
        "58": 0.5,
        "77": 0.0,
        "26": 0.25,
        "1": 0.5,
        "51": 0.0,
        "82": 0.5,
        "89": 0.6666666666666667,
        "91": 0.19999999999999996,
        "59": 0.5,
        "54": 0.6,
        "73": 0.4285714285714286,
        "76": 0.25,
        "94": 0.6666666666666667,
        "61": 0.5,
        "36": 0.4,
        "13": 0.4,
        "11": 0.6666666666666667,
        "79": 0.4285714285714286,
        "56": 0.0,
        "66": 1.0,
        "60": 0.6666666666666667,
        "81": 0.6666666666666667,
        "74": 0.5,
        "9": 0.6666666666666667,
        "29": 0.6,
        "50": 0.5,
        "84": 0.33333333333333337,
        "52": 0.7142857142857143,
        "33": 0.4,
        "23": 0.2857142857142857,
        "14": 0.0,
        "64": 1.0,
        "55": 0.0,
        "96": 0.0,
        "44": 1.0,
        "48": 0.4,
        "78": 0.4,
        "7": 0.16666666666666663,
        "57": 0.0,
        "22": 0.5,
        "2": 0.0,
        "6": 0.0,
        "20": 0.33333333333333337
    }
}