{
    "system_noise": 0.6004393645418211,
    "noise_data": {
        "45": 0.6478383662828591,
        "17": 0.6067781881381707,
        "85": 0.5938106796116505,
        "41": 0.6943297849228764,
        "88": 0.5976537041060178,
        "65": 0.522376710840756,
        "47": 0.6888985444275473,
        "99": 0.6692374538344558,
        "28": 0.7265370410601781,
        "19": 0.661253530306322,
        "83": 0.7217032370193353,
        "38": 0.6544101672822072,
        "42": 0.6342440598742418,
        "27": 0.5601553100732801,
        "10": 0.7102976319791441,
        "49": 0.6261677167064957,
        "80": 0.6943297849228764,
        "87": 0.7235007745076345,
        "92": 0.6293178361937867,
        "30": 0.5346513143601999,
        "93": 0.622474473169672,
        "0": 0.6920486639148382,
        "63": 0.45565991705293973,
        "32": 0.513252226808603,
        "53": 0.5825548555290028,
        "35": 0.5209645883119705,
        "75": 0.6033565066261134,
        "72": 0.6110688681294807,
        "40": 0.5289485118401043,
        "21": 0.5449163588963719,
        "24": 0.6156311101455573,
        "25": 0.5212361503367369,
        "18": 0.6136215511622855,
        "15": 0.6392763598708655,
        "12": 0.570280252009559,
        "68": 0.546056919400391,
        "39": 0.5862480990658266,
        "3": 0.5805452965457311,
        "37": 0.6364327612426679,
        "95": 0.6532696067781881,
        "5": 0.4981533782315881,
        "69": 0.5508907234412339,
        "86": 0.5483380404084293,
        "62": 0.5543124049532913,
        "31": 0.6053660656093851,
        "46": 0.5825548555290028,
        "71": 0.5271630891790219,
        "4": 0.5597436454486204,
        "8": 0.5015859127201138,
        "34": 0.6307299587225723,
        "70": 0.5624503236062224,
        "90": 0.6361611992179014,
        "97": 0.6509884857701499,
        "67": 0.4973303737476753,
        "43": 0.569391206313416,
        "58": 0.634493670886076,
        "77": 0.6213339126656529,
        "26": 0.6772213773625897,
        "98": 0.536686089268541,
        "1": 0.5634368889854442,
        "51": 0.7068759504670867,
        "82": 0.6258961546817293,
        "89": 0.7325990943143065,
        "91": 0.6067781881381707,
        "59": 0.6464262437540734,
        "54": 0.5711492504888116,
        "73": 0.6352922007386488,
        "76": 0.6113404301542472,
        "94": 0.4679633867276888,
        "61": 0.6749402563545515,
        "36": 0.6101998696502281,
        "13": 0.738811644579622,
        "11": 0.47903541168802954,
        "79": 0.5178144688246795,
        "56": 0.6315989572018249,
        "66": 0.7236254763200871,
        "60": 0.6753435517970401,
        "81": 0.5691396915055399,
        "74": 0.6247555941777102,
        "9": 0.6324749017896115,
        "29": 0.5494786009124484,
        "50": 0.6304583966978058,
        "84": 0.535791874864219,
        "52": 0.5349228763849663,
        "33": 0.6183233970069352,
        "23": 0.5665870084727351,
        "14": 0.516402346295894,
        "64": 0.5041277427764501,
        "55": 0.6569325593920172,
        "96": 0.5323701933521616,
        "44": 0.48674777319139695,
        "48": 0.6900391049315664,
        "16": 0.4824570932000869,
        "78": 0.5734303714968498,
        "7": 0.6213339126656529,
        "57": 0.6854241472172352,
        "22": 0.5791331740169454,
        "2": 0.6902517467006766,
        "6": 0.4659632197769068,
        "20": 0.5980336761215956
    }
}