{
    "system_noise": 0.5903454046747921,
    "noise_data": {
        "45": 0.6014633588658969,
        "17": 0.4903575297941495,
        "85": 0.6314192849404117,
        "41": 0.6132177681473456,
        "88": 0.6154929577464789,
        "65": 0.5961538461538461,
        "47": 0.7404437609841827,
        "99": 0.550650054171181,
        "28": 0.6189057421451787,
        "19": 0.5221560130010834,
        "83": 0.5483748645720476,
        "38": 0.5976549598150391,
        "42": 0.6325027085590467,
        "27": 0.7462809917355372,
        "10": 0.6757313109425785,
        "49": 0.600650054171181,
        "80": 0.6029252437703142,
        "87": 0.6280065005417118,
        "92": 0.6154387865655471,
        "30": 0.5585590465872157,
        "93": 0.5950162513542796,
        "0": 0.7199228437586112,
        "63": 0.6564463705308776,
        "32": 0.474264030846441,
        "53": 0.5813109425785482,
        "35": 0.5767605633802817,
        "75": 0.4857529794149512,
        "72": 0.49149512459371614,
        "40": 0.5244853737811485,
        "21": 0.5437703141928494,
        "24": 0.6757854821235103,
        "25": 0.7485654380931361,
        "18": 0.6791440953412784,
        "15": 0.6017876489707475,
        "12": 0.5517876489707476,
        "68": 0.5825027085590466,
        "39": 0.5825027085590466,
        "3": 0.4924409622599868,
        "37": 0.5517334777898157,
        "95": 0.58136511375948,
        "5": 0.5528710725893824,
        "69": 0.593301699404105,
        "86": 0.599566630552546,
        "62": 0.5017427479199461,
        "31": 0.7315276273022752,
        "46": 0.4903033586132177,
        "71": 0.5938244853737811,
        "4": 0.4986844638387987,
        "8": 0.5505958829902492,
        "34": 0.5752808988764044,
        "70": 0.43911159263271937,
        "90": 0.588136511375948,
        "97": 0.5472904945217649,
        "67": 0.5861499504568974,
        "43": 0.5728850923119317,
        "58": 0.6643553629469122,
        "77": 0.7519501625135427,
        "26": 0.6439328277356446,
        "98": 0.5767605633802817,
        "1": 0.6535829189821585,
        "51": 0.5916034669555796,
        "82": 0.6496208017334778,
        "89": 0.5677139761646803,
        "91": 0.6257313109425786,
        "59": 0.642795232936078,
        "54": 0.6336403033586132,
        "73": 0.6529032258064515,
        "76": 0.5916034669555796,
        "94": 0.5720512122037592,
        "61": 0.5540628385698808,
        "36": 0.5722101841820152,
        "13": 0.494907908992416,
        "11": 0.5403575297941495,
        "79": 0.6207193119624707,
        "56": 0.579035752979415,
        "66": 0.6234561213434453,
        "60": 0.6734561213434453,
        "81": 0.5291019654685634,
        "74": 0.5825027085590466,
        "9": 0.35427135678391963,
        "29": 0.6154929577464789,
        "50": 0.609750812567714,
        "84": 0.6962080173347779,
        "52": 0.5392199349945829,
        "33": 0.58136511375948,
        "23": 0.6086132177681474,
        "14": 0.5984290357529793,
        "64": 0.6613456823753745,
        "55": 0.47898158179848316,
        "96": 0.6655471289274106,
        "44": 0.4630552546045503,
        "48": 0.5270684931506849,
        "16": 0.5187432286023835,
        "78": 0.5392741061755146,
        "7": 0.5301733477789816,
        "57": 0.6041170097508126,
        "22": 0.6063921993499458,
        "2": 0.7041100467810203,
        "6": 0.6405200433369447,
        "20": 0.5993092515003964
    }
}