{
    "system_noise": 0.5898178397336323,
    "noise_data": {
        "45": 0.6582999692023406,
        "17": 0.46858638743455494,
        "85": 0.3974193548387097,
        "41": 0.5235602094240838,
        "88": 0.5626732368340006,
        "65": 0.5920888055034397,
        "47": 0.7779488758854327,
        "99": 0.6324299353249153,
        "28": 0.5583615645210964,
        "19": 0.7028025870033878,
        "83": 0.6154912226670772,
        "38": 0.6960271019402525,
        "42": 0.4054438993511632,
        "27": 0.8253322484404665,
        "10": 0.630582075762242,
        "49": 0.5588728614558873,
        "80": 0.6011703110563598,
        "87": 0.707114259316292,
        "92": 0.6347523342300997,
        "30": 0.5731444410224823,
        "93": 0.6302740991684632,
        "0": 0.6207322725166075,
        "63": 0.548352325223283,
        "32": 0.4136471385032171,
        "53": 0.6701570680628273,
        "35": 0.605481983369264,
        "75": 0.6984909146904835,
        "72": 0.5235544351662202,
        "40": 0.5569756698490915,
        "21": 0.5853095164767478,
        "24": 0.6614493660979809,
        "25": 0.5993224514936865,
        "18": 0.6810098443950461,
        "15": 0.6747767169695102,
        "12": 0.6801663073606405,
        "68": 0.31159658344283836,
        "39": 0.5850015398829689,
        "3": 0.7999357739242132,
        "37": 0.5537419156144133,
        "95": 0.7574684323991376,
        "5": 0.6090237141977211,
        "69": 0.6302740991684632,
        "86": 0.62842623960579,
        "62": 0.5748841996911992,
        "31": 0.6607637819525716,
        "46": 0.7218971358176778,
        "71": 0.44830741079597436,
        "4": 0.5982445334154605,
        "8": 0.5235602094240838,
        "34": 0.6176470588235294,
        "70": 0.5853095164767478,
        "90": 0.5917770249461041,
        "97": 0.5485005863628749,
        "67": 0.4976901755466585,
        "43": 0.548352325223283,
        "58": 0.5418848167539267,
        "77": 0.5163227594702803,
        "26": 0.5375731444410226,
        "98": 0.5249461040960888,
        "1": 0.567754850631352,
        "51": 0.4419505893751009,
        "82": 0.5796119494918386,
        "89": 0.6227286726208808,
        "91": 0.5882352941176471,
        "59": 0.6173390822297505,
        "54": 0.47167850337779316,
        "73": 0.4976901755466585,
        "76": 0.6960271019402525,
        "94": 0.5174006775485063,
        "61": 0.4904527255928549,
        "36": 0.5828457037265168,
        "13": 0.47643979057591623,
        "11": 0.649984601170311,
        "79": 0.6618549260194875,
        "56": 0.5914690483523253,
        "66": 0.7272867262088081,
        "60": 0.6223742838956079,
        "81": 0.6025562057283647,
        "74": 0.611179550354173,
        "9": 0.5490931832395247,
        "29": 0.5411148752694795,
        "50": 0.605481983369264,
        "84": 0.575563229731952,
        "52": 0.610101632275947,
        "33": 0.6345425867507886,
        "23": 0.46966430551278104,
        "14": 0.6744687403757315,
        "64": 0.5548198336926393,
        "55": 0.5444237340789064,
        "96": 0.5648290729904527,
        "44": 0.5217123498614105,
        "48": 0.45703726516784726,
        "16": 0.596419185282523,
        "78": 0.6658453957499231,
        "7": 0.6000923929781337,
        "57": 0.53002771789344,
        "22": 0.6701570680628273,
        "2": 0.5785340314136126,
        "6": 0.6194949183862026,
        "20": 0.6165691407453033
    }
}