{
    "system_noise": 0.7102880047281083,
    "noise_data": {
        "45": 0.6993034055727554,
        "17": 0.7538699690402477,
        "85": 0.7991486068111455,
        "41": 0.6447368421052632,
        "88": 0.7678018575851393,
        "65": 0.6453374951229028,
        "47": 0.7770897832817337,
        "99": 0.7198142414860681,
        "28": 0.7132352941176471,
        "19": 0.7794117647058824,
        "83": 0.7561919504643962,
        "38": 0.7898606811145511,
        "42": 0.6722136222910217,
        "27": 0.6760835913312693,
        "10": 0.7128482972136223,
        "49": 0.666795665634675,
        "80": 0.7225232198142415,
        "87": 0.723297213622291,
        "92": 0.7209752321981424,
        "30": 0.6989164086687307,
        "93": 0.6424148606811145,
        "0": 0.6853715170278638,
        "63": 0.6911764705882353,
        "32": 0.7202012383900929,
        "53": 0.7243510506798516,
        "35": 0.81656346749226,
        "75": 0.7198142414860681,
        "72": 0.7407120743034056,
        "40": 0.6528637770897833,
        "21": 0.686532507739938,
        "24": 0.7840557275541795,
        "25": 0.7407120743034056,
        "18": 0.7682067345340642,
        "15": 0.6400642742367435,
        "12": 0.7662490211433046,
        "68": 0.609907120743034,
        "39": 0.7643188854489165,
        "3": 0.7596749226006192,
        "37": 0.7376160990712075,
        "95": 0.7550309597523219,
        "5": 0.7074303405572755,
        "69": 0.5727554179566563,
        "86": 0.6606037151702786,
        "62": 0.6202681388012619,
        "31": 0.7538699690402477,
        "46": 0.7260061919504643,
        "71": 0.6722136222910217,
        "4": 0.6141640866873065,
        "8": 0.7875386996904025,
        "34": 0.7225232198142415,
        "70": 0.7337461300309598,
        "90": 0.752829334540516,
        "97": 0.611842105263158,
        "67": 0.7383900928792569,
        "43": 0.6157120743034056,
        "58": 0.6745356037151703,
        "77": 0.6803405572755418,
        "26": 0.7260061919504643,
        "98": 0.5993200582807188,
        "1": 0.7469040247678018,
        "51": 0.764379214597382,
        "82": 0.7388735722725482,
        "89": 0.7128482972136223,
        "91": 0.6861455108359134,
        "59": 0.7209752321981424,
        "54": 0.6737616099071208,
        "73": 0.7062693498452013,
        "76": 0.6559597523219814,
        "94": 0.7085487077534791,
        "61": 0.5911093311974369,
        "36": 0.6986780715396579,
        "13": 0.7225232198142415,
        "11": 0.7186379928315412,
        "79": 0.7221362229102167,
        "56": 0.7140092879256965,
        "66": 0.6362229102167183,
        "60": 0.666795665634675,
        "81": 0.6698916408668731,
        "74": 0.7634961439588689,
        "9": 0.84171826625387,
        "29": 0.7524988100904331,
        "50": 0.7828947368421053,
        "84": 0.598297213622291,
        "52": 0.8274877650897227,
        "33": 0.7253685027152832,
        "23": 0.8246904024767802,
        "14": 0.7027863777089783,
        "64": 0.666795665634675,
        "55": 0.6953762466001814,
        "96": 0.7273800157356411,
        "44": 0.7294891640866873,
        "48": 0.7047213622291022,
        "16": 0.667458432304038,
        "78": 0.7457430340557276,
        "7": 0.6695112490302559,
        "57": 0.7807742496737712,
        "22": 0.7383900928792569,
        "2": 0.7479674796747968,
        "6": 0.6211300309597523,
        "20": 0.6447678992918962
    }
}