personal_info_weight,0.6
0.0,0.19880833333333334
0.2,0.4822166666666667
0.4,0.5103
0.6,0.5022166666666666
0.8,0.49823333333333336
1.0,0.4991833333333333
1.2,0.500225
