communication_noise,0.0,0.2,0.4,0.6,0.8,1.0
0.6,0.8690357142857142,0.7121000000000001,0.5468071428571429,0.37015714285714285,0.19758571428571428,0.03961428571428571
