personal_info_weight,0.0,0.2,0.4,0.6,0.8,1.0
1.2,0.8517833333333332,0.7218833333333334,0.5853916666666666,0.43624166666666664,0.20204166666666667,0.042008333333333335
