personal_info_weight,0.0,0.2,0.4,0.6,0.8,1.0
1.2,0.5792416666666667,0.56665,0.5202749999999999,0.44035833333333335,0.3788666666666667,0.3539583333333334
