personal_info_weight,0.4
0.0,0.19996666666666665
0.2,0.49234166666666673
0.4,0.5940916666666667
0.6,0.53445
0.8,0.5236999999999999
1.0,0.5228916666666666
1.2,0.5195333333333333
