personal_info_weight,0.6
0.0,0.19967500000000002
0.2,0.27901666666666664
0.4,0.33243333333333336
0.6,0.37106666666666666
0.8,0.410175
1.0,0.40665833333333334
1.2,0.40681666666666666
