communication_noise,0.6
0.0,0.32539285714285715
0.2,0.3558642857142857
0.4,0.3997857142857143
0.6,0.3524857142857143
0.8,0.32066428571428574
1.0,0.3079571428571429
