communication_noise,0.0,0.2,0.4,0.6,0.8,1.0
0.4,0.8848142857142857,0.7615285714285714,0.61945,0.42759285714285716,0.19870714285714283,0.03119285714285714
