personal_info_weight,0.2
0.0,0.19995
0.2,0.20072500000000001
0.4,0.3024833333333334
0.6,0.6458916666666666
0.8,0.5781083333333333
1.0,0.5645916666666667
1.2,0.5642583333333334
