communication_noise,0.0,0.2,0.4,0.6,0.8,1.0
0.2,0.7254642857142857,0.6217285714285714,0.54135,0.44220714285714285,0.20251428571428573,0.08617142857142858
