personal_info_weight,0.0,0.2,0.4,0.6,0.8,1.0
0.8,0.26839166666666664,0.5066916666666667,0.49937499999999996,0.4996,0.49990000000000007,0.4993916666666667
