communication_noise,0.2
0.0,0.40955
0.2,0.6253
0.4,0.7053142857142857
0.6,0.5119214285714285
0.8,0.3834857142857143
1.0,0.33680000000000004
