communication_noise,0.6
0.0,0.23769285714285715
0.2,0.42342142857142856
0.4,0.4482857142857143
0.6,0.29816428571428577
0.8,0.2619642857142857
1.0,0.2451714285714286
