personal_info_weight,0.0,0.2,0.4,0.6,0.8,1.0
0.4,0.20000000000000004,0.294325,0.5917250000000001,0.44035833333333335,0.35912499999999997,0.31753333333333333
