personal_info_weight,0.0,0.2,0.4,0.6,0.8,1.0
0.4,0.6326583333333334,0.5044833333333333,0.4241250000000001,0.3269083333333333,0.20051666666666668,0.114375
