personal_info_weight,0.4
0.0,0.1995
0.2,0.634925
0.4,0.5613
0.6,0.5128333333333334
0.8,0.5019416666666666
1.0,0.5000833333333333
1.2,0.4999166666666666
