personal_info_weight,0.0,0.2,0.4,0.6,0.8,1.0
0.6,0.166125,0.5907666666666667,0.51975,0.47682500000000005,0.4373833333333333,0.41705833333333336
