personal_info_weight,0.0,0.2,0.4,0.6,0.8,1.0
0.6,0.7887166666666667,0.6771166666666666,0.547275,0.37096666666666667,0.20179166666666667,0.022041666666666668
