{
    "system_noise": 0.5321444250559567,
    "noise_data": {
        "45": 0.4838709677419355,
        "17": 0.11111111111111116,
        "85": 0.7,
        "41": 1.0,
        "88": 0.4426229508196722,
        "65": 0.5806451612903225,
        "47": 0.5217391304347826,
        "99": 0.575,
        "28": 0.6,
        "19": 0.6349206349206349,
        "83": 0.3076923076923077,
        "38": 0.47457627118644063,
        "42": 0.5238095238095238,
        "27": 0.41509433962264153,
        "10": 0.5111111111111111,
        "49": 0.4,
        "80": 0.5576923076923077,
        "87": 0.5285714285714286,
        "92": 0.6153846153846154,
        "30": 0.36363636363636365,
        "93": 0.4482758620689655,
        "0": 0.6666666666666667,
        "63": 0.5714285714285714,
        "32": 0.5833333333333333,
        "53": 0.4285714285714286,
        "35": 0.3928571428571429,
        "75": 0.46153846153846156,
        "72": 0.5833333333333333,
        "40": 0.18181818181818177,
        "21": 0.3571428571428571,
        "24": 1.0,
        "25": 0.6363636363636364,
        "18": 0.6545454545454545,
        "15": 0.8,
        "12": 0.9230769230769231,
        "68": 0.7058823529411764,
        "39": 0.6956521739130435,
        "3": 0.5245901639344263,
        "37": 0.2272727272727273,
        "95": 0.6041666666666667,
        "5": 0.5,
        "69": 0.564516129032258,
        "86": 0.3928571428571429,
        "62": 0.5625,
        "31": 0.5932203389830508,
        "46": 0.33333333333333337,
        "71": 0.33333333333333337,
        "4": 0.46153846153846156,
        "8": 0.4423076923076923,
        "34": 0.4117647058823529,
        "70": 0.6086956521739131,
        "90": 0.5,
        "97": 0.42500000000000004,
        "67": 0.9090909090909091,
        "43": 0.6190476190476191,
        "58": 0.4509803921568627,
        "77": 0.540983606557377,
        "26": 0.696969696969697,
        "98": 0.8888888888888888,
        "1": 0.46875,
        "51": 0.6,
        "82": 0.5,
        "89": 0.4285714285714286,
        "91": 0.6363636363636364,
        "59": 0.5818181818181818,
        "54": 0.4390243902439024,
        "73": 0.5172413793103448,
        "76": 0.4137931034482759,
        "94": 0.375,
        "61": 0.6842105263157895,
        "36": 0.36363636363636365,
        "13": 0.47619047619047616,
        "11": 0.47916666666666663,
        "79": 0.45614035087719296,
        "56": 0.42500000000000004,
        "66": 0.375,
        "60": 0.5692307692307692,
        "81": 0.44680851063829785,
        "74": 0.8571428571428572,
        "9": 0.48888888888888893,
        "29": 0.5272727272727273,
        "50": 0.36734693877551017,
        "84": 0.5,
        "52": 0.7222222222222222,
        "33": 0.4736842105263158,
        "23": 0.4782608695652174,
        "14": 0.7692307692307692,
        "64": 0.3571428571428571,
        "55": 0.6,
        "96": 0.47457627118644063,
        "44": 0.6956521739130435,
        "48": 0.5,
        "16": 0.33333333333333337,
        "78": 0.6470588235294117,
        "7": 0.5094339622641509,
        "57": 0.4666666666666667,
        "22": 0.6153846153846154,
        "2": 0.5686274509803921,
        "6": 0.625,
        "20": 0.37254901960784315
    }
}