{
    "system_noise": 0.5626751300662574,
    "noise_data": {
        "45": 0.6129032258064516,
        "17": 0.8,
        "85": 0.8275862068965517,
        "41": 0.19999999999999996,
        "88": 0.4807692307692307,
        "65": 0.75,
        "47": 0.28125,
        "99": 0.5535714285714286,
        "28": 0.8,
        "19": 0.5833333333333333,
        "83": 0.7954545454545454,
        "38": 0.4444444444444444,
        "42": 0.546875,
        "27": 0.5714285714285714,
        "10": 0.43333333333333335,
        "49": 0.3928571428571429,
        "80": 0.5344827586206897,
        "87": 0.6271186440677966,
        "92": 0.5,
        "30": 0.5,
        "93": 0.46153846153846156,
        "0": 0.75,
        "63": 0.5,
        "32": 0.75,
        "53": 0.8387096774193549,
        "35": 1.0,
        "75": 0.6052631578947368,
        "72": 0.5535714285714286,
        "40": 0.5862068965517242,
        "21": 0.5490196078431373,
        "24": 0.11111111111111116,
        "25": 0.5303030303030303,
        "18": 0.5098039215686274,
        "15": 0.8888888888888888,
        "12": 0.19999999999999996,
        "68": 0.6052631578947368,
        "39": 0.547945205479452,
        "3": 0.5660377358490566,
        "37": 0.48888888888888893,
        "95": 0.3793103448275862,
        "5": 0.7419354838709677,
        "69": 0.6153846153846154,
        "86": 0.5303030303030303,
        "62": 1.0,
        "31": 0.4693877551020408,
        "46": 0.41666666666666663,
        "71": 0.5454545454545454,
        "4": 0.5,
        "8": 0.5128205128205128,
        "34": 0.55,
        "70": 0.8,
        "90": 0.49295774647887325,
        "97": 0.52,
        "67": 0.34285714285714286,
        "43": 0.38095238095238093,
        "58": 0.6333333333333333,
        "77": 0.4833333333333333,
        "26": 0.7241379310344828,
        "98": 0.5714285714285714,
        "1": 0.5810810810810811,
        "51": 0.1333333333333333,
        "82": 0.475,
        "89": 0.5625,
        "91": 0.8181818181818181,
        "59": 0.4390243902439024,
        "54": 0.5483870967741935,
        "73": 0.5737704918032787,
        "76": 0.37254901960784315,
        "94": 0.5172413793103448,
        "61": 0.17647058823529416,
        "36": 0.75,
        "13": 0.8,
        "11": 0.6557377049180328,
        "79": 0.6037735849056604,
        "56": 0.4137931034482759,
        "66": 0.72,
        "60": 0.5818181818181818,
        "81": 0.607843137254902,
        "74": 0.17647058823529416,
        "9": 0.5365853658536586,
        "29": 0.5,
        "50": 0.6119402985074627,
        "84": 0.5833333333333333,
        "52": 0.6388888888888888,
        "33": 0.45833333333333337,
        "23": 0.6190476190476191,
        "14": 0.7941176470588236,
        "64": 0.6666666666666667,
        "55": 0.6190476190476191,
        "96": 0.5223880597014925,
        "44": 0.75,
        "48": 0.4864864864864865,
        "16": 0.7222222222222222,
        "78": 0.6153846153846154,
        "7": 0.4893617021276596,
        "57": 0.5172413793103448,
        "22": 0.7142857142857143,
        "2": 0.5714285714285714,
        "6": 0.43333333333333335,
        "20": 0.4222222222222223
    }
}