{
    "system_noise": 0.5342243748779216,
    "noise_data": {
        "45": 0.54,
        "17": 0.5833333333333333,
        "85": 0.7222222222222222,
        "41": 0.33333333333333337,
        "88": 0.5614035087719298,
        "65": 0.7142857142857143,
        "47": 0.5,
        "99": 0.41025641025641024,
        "28": 0.7096774193548387,
        "19": 0.5319148936170213,
        "83": 0.8461538461538461,
        "38": 0.4528301886792453,
        "42": 0.5306122448979591,
        "27": 0.4390243902439024,
        "10": 0.5434782608695652,
        "49": 0.3157894736842105,
        "80": 0.5869565217391304,
        "87": 0.4444444444444444,
        "92": 0.46808510638297873,
        "30": 0.4242424242424242,
        "93": 0.4347826086956522,
        "0": 0.38888888888888884,
        "63": 0.4347826086956522,
        "32": 0.7,
        "53": 0.8285714285714285,
        "35": 0.9285714285714286,
        "75": 0.3829787234042553,
        "72": 0.47619047619047616,
        "40": 0.7272727272727273,
        "21": 0.6129032258064516,
        "24": 0.25,
        "25": 0.4893617021276596,
        "18": 0.5074626865671642,
        "15": 0.5925925925925926,
        "12": 0.3846153846153846,
        "68": 0.9,
        "39": 0.49090909090909096,
        "3": 0.5,
        "37": 0.625,
        "95": 0.4821428571428571,
        "5": 0.6666666666666667,
        "69": 0.43999999999999995,
        "86": 0.5,
        "62": 0.8260869565217391,
        "31": 0.42105263157894735,
        "46": 0.27586206896551724,
        "71": 0.4736842105263158,
        "4": 0.41860465116279066,
        "8": 0.6785714285714286,
        "34": 0.4473684210526315,
        "70": 0.7777777777777778,
        "90": 0.5111111111111111,
        "97": 0.5526315789473684,
        "67": 1.0,
        "43": 0.5806451612903225,
        "58": 0.5660377358490566,
        "77": 0.5319148936170213,
        "26": 0.85,
        "98": 0.5625,
        "1": 0.3783783783783784,
        "51": 0.33333333333333337,
        "82": 0.4722222222222222,
        "89": 0.5882352941176471,
        "91": 0.6,
        "59": 0.4,
        "54": 0.4107142857142857,
        "73": 0.4545454545454546,
        "76": 0.36,
        "94": 0.7894736842105263,
        "61": 0.19999999999999996,
        "36": 0.8888888888888888,
        "13": 0.49090909090909096,
        "11": 0.41666666666666663,
        "79": 0.564516129032258,
        "56": 0.49090909090909096,
        "66": 0.4545454545454546,
        "60": 0.25,
        "81": 0.5102040816326531,
        "74": 0.3846153846153846,
        "9": 0.47058823529411764,
        "29": 0.6,
        "50": 0.4565217391304348,
        "84": 0.48,
        "52": 0.6956521739130435,
        "33": 0.5098039215686274,
        "23": 0.6585365853658536,
        "14": 0.5294117647058824,
        "64": 0.42105263157894735,
        "55": 0.33333333333333337,
        "96": 0.41509433962264153,
        "44": 0.4137931034482759,
        "48": 0.4,
        "16": 1.0,
        "78": 0.7428571428571429,
        "7": 0.625,
        "57": 0.7,
        "22": 0.54,
        "2": 0.3571428571428571,
        "6": 0.2727272727272727,
        "20": 0.4871794871794872
    }
}