communication_noise,0.0,0.2,0.4,0.6,0.8,1.0
0.4,0.8762142857142857,0.7679142857142857,0.6262857142857143,0.40338571428571435,0.19915,0.03925
