personal_info_weight,0.6
0.0,0.20379999999999998
0.2,0.4467666666666667
0.4,0.48233333333333334
0.6,0.477925
0.8,0.47535
1.0,0.47265833333333335
1.2,0.47351666666666664
