communication_noise,0.4,0.6
0.4,0.7026000000000001,0.44675
