personal_info_weight,0.0,0.2,0.4,0.6,0.8,1.0
0.6,0.7149583333333333,0.6288499999999999,0.5270916666666666,0.3987,0.19944166666666666,0.07561666666666667
