personal_info_weight,0.0,0.2,0.4,0.6,0.8,1.0
0.4,0.20000000000000004,0.5649916666666667,0.5649416666666667,0.508775,0.464,0.397125
