personal_info_weight,0.6
0.0,0.20091666666666666
0.2,0.24145000000000003
0.4,0.3257083333333333
0.6,0.39615
0.8,0.4123833333333333
1.0,0.43565000000000004
1.2,0.43345833333333333
