communication_noise,0.6
0.0,0.3618571428571428
0.2,0.43956428571428574
0.4,0.39877857142857137
0.6,0.33194285714285715
0.8,0.29112857142857146
1.0,0.2730571428571429
