communication_noise,0.0,0.2,0.4,0.6,0.8,1.0
0.6,0.7282714285714286,0.59985,0.4651571428571429,0.3266357142857143,0.19985,0.08064285714285714
