personal_info_weight,0.6
0.0,0.2001833333333333
0.2,0.3961666666666667
0.4,0.44125
0.6,0.43992499999999995
0.8,0.43986666666666663
1.0,0.441725
1.2,0.44135833333333335
