communication_noise,0.2
0.0,0.3855071428571429
0.2,0.6903571428571428
0.4,0.7706142857142856
0.6,0.6647857142857142
0.8,0.5653714285714286
1.0,0.5181285714285714
