personal_info_weight,0.0,0.2,0.4,0.6,0.8,1.0
1.2,0.9259416666666667,0.7602000000000001,0.588875,0.4058333333333333,0.20063333333333333,0.021191666666666668
