communication_noise,0.0,0.2,0.4,0.6,0.8,1.0
0.6,0.8088857142857143,0.6660714285714286,0.5093642857142857,0.3535714285714286,0.20175714285714288,0.059507142857142856
