communication_noise,0.6
0.0,0.29268571428571427
0.2,0.3357857142857143
0.4,0.42182142857142857
0.6,0.3698714285714286
0.8,0.3533142857142857
1.0,0.34223571428571425
