personal_info_weight,0.0,0.2,0.4,0.6,0.8,1.0
0.8,0.7193999999999999,0.6149916666666667,0.49856666666666666,0.42015833333333336,0.20067500000000002,0.04248333333333334
