communication_noise,0.0,0.2,0.4,0.6,0.8,1.0
0.2,0.7709214285714285,0.6839428571428572,0.5213142857142857,0.35438571428571425,0.20138571428571428,0.08122857142857143
