personal_info_weight,0.0,0.2,0.4,0.6,0.8,1.0
0.6,0.171525,0.5714458333333333,0.5162208333333334,0.48938750000000003,0.46729166666666666,0.4520875
