personal_info_weight,0.0,0.2,0.4,0.6,0.8,1.0
0.6,0.8237625,0.7018666666666666,0.5536541666666667,0.3761833333333333,0.20099166666666668,0.011500000000000002
