communication_noise,0.0,0.2,0.4,0.6,0.8,1.0
0.4,0.8201142857142857,0.7038571428571428,0.6052714285714285,0.4463285714285714,0.20075714285714286,0.07754285714285715
