communication_noise,0.0,0.2,0.4,0.6,0.8,1.0
0.4,0.8664571428571428,0.7672071428571429,0.6044999999999999,0.4050571428571429,0.19989285714285712,0.06000714285714285
