personal_info_weight,0.2
0.0,0.20049166666666665
0.2,0.4269416666666666
0.4,0.5056833333333334
0.6,0.6280166666666667
0.8,0.615325
1.0,0.7260083333333333
1.2,0.7195916666666667
