personal_info_weight,0.6
0.0,0.20083333333333334
0.2,0.22624166666666667
0.4,0.3231583333333334
0.6,0.31793333333333335
0.8,0.37243333333333334
1.0,0.39645
1.2,0.3967666666666667
