personal_info_weight,0.2
0.0,0.19995833333333332
0.2,0.20057499999999998
0.4,0.20803333333333338
0.6,0.5762166666666667
0.8,0.6151583333333334
1.0,0.6057
1.2,0.6017833333333332
