communication_noise,0.0,0.2,0.4,0.6,0.8,1.0
0.2,0.6606785714285713,0.6254357142857143,0.5763571428571428,0.4192857142857144,0.20085714285714285,0.09517857142857143
