personal_info_weight,0.0,0.2,0.4,0.6,0.8,1.0
0.4,0.7997666666666667,0.7098333333333334,0.5886666666666667,0.3527166666666666,0.2015,0.04735
