personal_info_weight,0.0,0.2,0.4,0.6,0.8,1.0
1.0,0.9260583333333333,0.7636666666666666,0.5904416666666666,0.4057583333333334,0.20027499999999998,0.021566666666666668
