personal_info_weight,0.0,0.2,0.4,0.6,0.8,1.0
1.0,1.0,0.8041833333333334,0.6008333333333334,0.4007583333333333,0.19841666666666669,0.0
