personal_info_weight,0.0,0.2,0.4,0.6,0.8,1.0
1.0,0.5026750000000001,0.50025,0.500175,0.501125,0.49835,0.5016166666666667
