personal_info_weight,0.0,0.2,0.4,0.6,0.8,1.0
1.2,0.5373833333333334,0.5239083333333333,0.50655,0.4744916666666667,0.437125,0.42321666666666663
