personal_info_weight,0.0,0.2,0.4,0.6,0.8,1.0
1.2,0.4996333333333334,0.49990833333333334,0.5010333333333333,0.49856666666666666,0.49960000000000004,0.4993666666666667
