personal_info_weight,0.0,0.2,0.4,0.6,0.8,1.0
1.2,1.0,0.7994833333333333,0.5994583333333333,0.3982333333333333,0.20093333333333332,0.0
