personal_info_weight,0.4
0.0,0.19991666666666666
0.2,0.3211583333333333
0.4,0.610675
0.6,0.5606083333333334
0.8,0.54625
1.0,0.5457083333333334
1.2,0.5452
