personal_info_weight,0.4
0.0,0.199125
0.2,0.5787916666666667
0.4,0.573025
0.6,0.5215666666666666
0.8,0.5096166666666667
1.0,0.507325
1.2,0.5081166666666667
