personal_info_weight,0.0,0.2,0.4,0.6,0.8,1.0
0.8,0.22137499999999996,0.5302166666666667,0.5109499999999999,0.47479166666666667,0.43976666666666664,0.423875
