personal_info_weight,0.4,0.6
0.4,0.7794000000000001,0.48789999999999994
0.6,0.6258,0.40560000000000007
