personal_info_weight,0.0,0.2,0.4,0.6,0.8,1.0
0.8,0.7930916666666666,0.6584249999999999,0.5179666666666667,0.40959166666666663,0.20051666666666668,0.021383333333333334
