personal_info_weight,0.4
0.0,0.19847499999999998
0.2,0.41133333333333333
0.4,0.48516666666666675
0.6,0.545775
0.8,0.5157833333333334
1.0,0.5916
1.2,0.5903583333333333
