communication_noise,0.4
0.0,0.33697857142857146
0.2,0.5279714285714286
0.4,0.6282285714285715
0.6,0.5121785714285715
0.8,0.4440785714285714
1.0,0.41212857142857146
