personal_info_weight,0.0,0.2,0.4,0.6,0.8,1.0
0.8,0.86655,0.705175,0.6010166666666666,0.4029,0.19769166666666668,1.6666666666666667e-05
