personal_info_weight,0.0,0.2,0.4,0.6,0.8,1.0
0.4,0.7482333333333333,0.657675,0.4791166666666667,0.33189166666666664,0.20148333333333335,0.08951666666666667
