personal_info_weight,0.0,0.2,0.4,0.6,0.8,1.0
0.4,0.20000000000000004,0.48010833333333336,0.5758916666666667,0.4808333333333334,0.41073333333333334,0.36035
