personal_info_weight,0.2
0.0,0.19881666666666667
0.2,0.30245833333333333
0.4,0.44839999999999997
0.6,0.577025
0.8,0.5689166666666666
1.0,0.6888583333333332
1.2,0.6832916666666667
