personal_info_weight,0.2
0.0,0.19999999999999998
0.2,0.20154166666666665
0.4,0.57435
0.6,0.5524083333333333
0.8,0.5056416666666667
1.0,0.49689999999999995
1.2,0.5005833333333334
