communication_noise,0.0,0.2,0.4,0.6,0.8,1.0
0.2,0.7720071428571428,0.6816928571428572,0.5462714285714285,0.3427428571428571,0.19864285714285715,0.05700714285714286
