personal_info_weight,0.2
0.0,0.20105833333333334
0.2,0.46904166666666663
0.4,0.6577
0.6,0.6797
0.8,0.6608333333333333
1.0,0.764525
1.2,0.7610333333333333
