communication_noise,0.0,0.2,0.4,0.6,0.8,1.0
0.6,0.6141500000000001,0.5110571428571429,0.4027857142857143,0.2996857142857143,0.2014357142857143,0.10615
