personal_info_weight,0.0,0.2,0.4,0.6,0.8,1.0
0.8,0.219175,0.5776333333333333,0.52375,0.44193333333333334,0.3799083333333333,0.353875
