personal_info_weight,0.0,0.2,0.4,0.6,0.8,1.0
1.0,0.53835,0.5244916666666667,0.5068166666666666,0.474575,0.43956666666666666,0.42396666666666666
