communication_noise,0.4
0.0,0.3827
0.2,0.5731
0.4,0.6022785714285714
0.6,0.4047
0.8,0.3209857142857143
1.0,0.29178571428571426
