personal_info_weight,0.4
0.0,0.20033333333333334
0.2,0.3275
0.4,0.4244916666666667
0.6,0.5293
0.8,0.4975416666666667
1.0,0.5887166666666667
1.2,0.585325
