communication_noise,0.4
0.0,0.3605357142857143
0.2,0.5422285714285714
0.4,0.6047857142857144
0.6,0.46502857142857146
0.8,0.38337857142857146
1.0,0.3467928571428572
