personal_info_weight,0.4
0.0,0.200325
0.2,0.4360833333333333
0.4,0.58765
0.6,0.5592083333333333
0.8,0.6122416666666667
1.0,0.60035
1.2,0.5999083333333334
