communication_noise,0.4
0.0,0.38066428571428573
0.2,0.5487785714285714
0.4,0.6178642857142858
0.6,0.5439785714285714
0.8,0.5063714285714286
1.0,0.48442857142857143
