communication_noise,0.2
0.0,0.37410714285714286
0.2,0.6821857142857143
0.4,0.7613714285714286
0.6,0.713
0.8,0.65895
1.0,0.6227142857142857
