personal_info_weight,0.2
0.0,0.199275
0.2,0.4991833333333333
0.4,0.7114333333333334
0.6,0.7290916666666667
0.8,0.70565
1.0,0.8045083333333333
1.2,0.798575
